0,0.0,0.0,0.039473684210526314,-0.2565789473684211,-0.05263157894736842,-0.47368421052631576,-0.20394736842105263,-0.625,-0.3092105263157895,-0.75,-0.3223684210526316,-0.4605263157894737,-0.5789473684210527,-0.6052631578947368,-0.7236842105263158,-0.6776315789473685,-0.8421052631578947,-0.7171052631578947,-0.4276315789473684,-0.32894736842105265,-0.6973684210526315,-0.5,-0.8618421052631579,-0.5986842105263158,-0.9802631578947368,-0.6710526315789473,-0.4934210526315789,-0.19078947368421054,-0.743421052631579,-0.35526315789473684,-0.8881578947368421,-0.45394736842105265,-1.0,-0.5328947368421053,-0.5263157894736842,-0.05263157894736842,-0.7236842105263158,-0.15789473684210525,-0.8355263157894737,-0.23026315789473684,-0.9276315789473685,-0.29605263157894735
0,0.0,0.0,0.03225806451612903,-0.25806451612903225,-0.06451612903225806,-0.47096774193548385,-0.21935483870967742,-0.6064516129032258,-0.3225806451612903,-0.7225806451612903,-0.3548387096774194,-0.45806451612903226,-0.5935483870967742,-0.5935483870967742,-0.7419354838709677,-0.6580645161290323,-0.8516129032258064,-0.6967741935483871,-0.45161290322580644,-0.32903225806451614,-0.7096774193548387,-0.4838709677419355,-0.864516129032258,-0.5806451612903226,-0.9806451612903225,-0.6451612903225806,-0.5032258064516129,-0.1870967741935484,-0.7548387096774194,-0.3419354838709677,-0.896774193548387,-0.43870967741935485,-1.0,-0.5161290322580645,-0.5225806451612903,-0.03870967741935484,-0.7161290322580646,-0.14838709677419354,-0.832258064516129,-0.22580645161290322,-0.9225806451612903,-0.2903225806451613
0,0.0,0.0,0.012738853503184714,-0.21656050955414013,-0.08917197452229299,-0.3885350318471338,-0.2229299363057325,-0.4968152866242038,-0.33121019108280253,-0.5987261146496815,-0.3821656050955414,-0.31210191082802546,-0.6050955414012739,-0.4012738853503185,-0.7515923566878981,-0.45222929936305734,-0.8662420382165605,-0.4840764331210191,-0.4585987261146497,-0.17834394904458598,-0.7133757961783439,-0.27388535031847133,-0.8726114649681529,-0.34394904458598724,-1.0,-0.4012738853503185,-0.49044585987261147,-0.06369426751592357,-0.732484076433121,-0.14012738853503184,-0.8726114649681529,-0.20382165605095542,-0.9872611464968153,-0.2611464968152866,-0.49044585987261147,0.0,-0.6815286624203821,-0.012738853503184714,-0.8089171974522293,-0.050955414012738856,-0.910828025477707,-0.08917197452229299
1,0.0,0.0,0.12280701754385964,-0.22807017543859648,0.15204678362573099,-0.4444444444444444,0.10526315789473684,-0.6081871345029239,0.029239766081871343,-0.7017543859649122,0.005847953216374269,-0.5672514619883041,-0.13450292397660818,-0.8011695906432749,-0.2222222222222222,-0.9122807017543859,-0.28654970760233917,-0.9941520467836257,-0.12280701754385964,-0.5321637426900585,-0.2573099415204678,-0.783625730994152,-0.3391812865497076,-0.9122807017543859,-0.4093567251461988,-1.0,-0.23391812865497075,-0.47953216374269003,-0.3508771929824561,-0.7134502923976608,-0.42105263157894735,-0.847953216374269,-0.47953216374269003,-0.9415204678362573,-0.32748538011695905,-0.4152046783625731,-0.4093567251461988,-0.6140350877192983,-0.45614035087719296,-0.7309941520467836,-0.49707602339181284,-0.8187134502923976
1,0.0,0.0,0.1317365269461078,-0.2215568862275449,0.16766467065868262,-0.4431137724550898,0.11976047904191617,-0.6287425149700598,0.04790419161676647,-0.7365269461077845,-0.011976047904191617,-0.5568862275449101,-0.1437125748502994,-0.8023952095808383,-0.2215568862275449,-0.9161676646706587,-0.281437125748503,-0.9940119760479041,-0.1437125748502994,-0.5089820359281437,-0.2754491017964072,-0.7724550898203593,-0.3473053892215569,-0.9041916167664671,-0.40119760479041916,-1.0,-0.25748502994011974,-0.4431137724550898,-0.3652694610778443,-0.688622754491018,-0.4251497005988024,-0.8323353293413174,-0.47305389221556887,-0.9341317365269461,-0.3473053892215569,-0.3712574850299401,-0.41916167664670656,-0.5808383233532934,-0.4550898203592814,-0.6946107784431138,-0.47904191616766467,-0.7844311377245509
1,0.0,0.0,0.2777777777777778,-0.23333333333333334,0.4444444444444444,-0.4777777777777778,0.43333333333333335,-0.7444444444444445,0.28888888888888886,-0.9555555555555556,0.25555555555555554,-0.17777777777777778,0.044444444444444446,-0.5111111111111111,-0.13333333333333333,-0.7777777777777778,-0.28888888888888886,-1.0,-0.044444444444444446,-0.022222222222222223,-0.28888888888888886,-0.4,-0.4666666666666667,-0.7222222222222222,-0.6,-0.9666666666666667,-0.2777777777777778,0.07777777777777778,-0.5333333333333333,-0.26666666666666666,-0.6777777777777778,-0.5666666666666667,-0.7777777777777778,-0.8,-0.4666666666666667,0.1,-0.7,-0.17777777777777778,-0.8111111111111111,-0.4111111111111111,-0.8777777777777778,-0.6111111111111112
1,0.0,0.0,0.15950920245398773,-0.22699386503067484,0.2147239263803681,-0.4662576687116564,0.17177914110429449,-0.6625766871165644,0.06748466257668712,-0.7607361963190185,0.04294478527607362,-0.558282208588957,-0.09202453987730061,-0.8159509202453987,-0.17177914110429449,-0.9202453987730062,-0.22699386503067484,-0.9938650306748467,-0.11042944785276074,-0.50920245398773,-0.2392638036809816,-0.7730061349693251,-0.3067484662576687,-0.9079754601226994,-0.3558282208588957,-1.0,-0.2331288343558282,-0.44785276073619634,-0.3374233128834356,-0.6932515337423313,-0.39263803680981596,-0.8343558282208589,-0.4233128834355828,-0.9325153374233128,-0.3312883435582822,-0.38650306748466257,-0.39263803680981596,-0.6134969325153374,-0.4171779141104294,-0.7300613496932515,-0.4294478527607362,-0.8220858895705522
1,0.0,0.0,0.16463414634146342,-0.25609756097560976,0.22560975609756098,-0.5,0.15853658536585366,-0.7073170731707317,0.042682926829268296,-0.7987804878048781,0.06707317073170732,-0.5975609756097561,-0.07926829268292683,-0.8414634146341463,-0.17073170731707318,-0.9329268292682927,-0.23170731707317074,-0.9878048780487805,-0.08536585365853659,-0.5487804878048781,-0.22560975609756098,-0.7926829268292683,-0.3048780487804878,-0.9146341463414634,-0.36585365853658536,-1.0,-0.22560975609756098,-0.4878048780487805,-0.3353658536585366,-0.7134146341463414,-0.39634146341463417,-0.8475609756097561,-0.43902439024390244,-0.9390243902439024,-0.32926829268292684,-0.4146341463414634,-0.4024390243902439,-0.6280487804878049,-0.4329268292682927,-0.7378048780487805,-0.45121951219512196,-0.8292682926829268
1,0.0,0.0,0.16363636363636364,-0.24242424242424243,0.21212121212121213,-0.48484848484848486,0.14545454545454545,-0.6787878787878788,0.030303030303030304,-0.7636363636363637,0.07272727272727272,-0.5696969696969697,-0.07272727272727272,-0.8181818181818182,-0.16363636363636364,-0.9272727272727272,-0.22424242424242424,-1.0,-0.08484848484848485,-0.5272727272727272,-0.21212121212121213,-0.7757575757575758,-0.28484848484848485,-0.9090909090909091,-0.3393939393939394,-1.0,-0.21818181818181817,-0.46060606060606063,-0.3212121212121212,-0.6909090909090909,-0.37575757575757573,-0.8303030303030303,-0.41818181818181815,-0.9333333333333333,-0.32727272727272727,-0.3878787878787879,-0.4,-0.593939393939394,-0.4303030303030303,-0.703030303030303,-0.4484848484848485,-0.793939393939394
1,0.0,0.0,0.1566265060240964,-0.2469879518072289,0.20481927710843373,-0.4939759036144578,0.13253012048192772,-0.6867469879518072,0.018072289156626505,-0.7710843373493976,0.06626506024096386,-0.5783132530120482,-0.0783132530120482,-0.8253012048192772,-0.1686746987951807,-0.927710843373494,-0.23493975903614459,-0.9939759036144579,-0.09036144578313253,-0.5301204819277109,-0.21686746987951808,-0.7831325301204819,-0.29518072289156627,-0.9096385542168675,-0.3493975903614458,-1.0,-0.22289156626506024,-0.46987951807228917,-0.3253012048192771,-0.6987951807228916,-0.3795180722891566,-0.8373493975903614,-0.41566265060240964,-0.9337349397590361,-0.3313253012048193,-0.39759036144578314,-0.39759036144578314,-0.6024096385542169,-0.43373493975903615,-0.7108433734939759,-0.45180722891566266,-0.7951807228915663
1,0.0,0.0,0.15757575757575756,-0.2545454545454545,0.20606060606060606,-0.503030303030303,0.13333333333333333,-0.696969696969697,0.01818181818181818,-0.7818181818181819,0.06666666666666667,-0.5878787878787879,-0.07878787878787878,-0.8242424242424242,-0.1696969696969697,-0.9272727272727272,-0.23030303030303031,-0.9939393939393939,-0.09090909090909091,-0.5393939393939394,-0.22424242424242424,-0.7818181818181819,-0.296969696969697,-0.9090909090909091,-0.3515151515151515,-1.0,-0.21818181818181817,-0.4727272727272727,-0.3333333333333333,-0.703030303030303,-0.3878787878787879,-0.8363636363636363,-0.4303030303030303,-0.9333333333333333,-0.32727272727272727,-0.4,-0.4,-0.6060606060606061,-0.44242424242424244,-0.7151515151515152,-0.46060606060606063,-0.806060606060606
1,0.0,0.0,0.16363636363636364,-0.24242424242424243,0.21818181818181817,-0.4909090909090909,0.15151515151515152,-0.6909090909090909,0.048484848484848485,-0.7818181818181819,0.07878787878787878,-0.5757575757575758,-0.06060606060606061,-0.8181818181818182,-0.14545454545454545,-0.9151515151515152,-0.20606060606060606,-0.9818181818181818,-0.07878787878787878,-0.5333333333333333,-0.20606060606060606,-0.7878787878787878,-0.28484848484848485,-0.9151515151515152,-0.3393939393939394,-1.0,-0.21212121212121213,-0.4727272727272727,-0.3212121212121212,-0.7090909090909091,-0.37575757575757573,-0.8424242424242424,-0.41818181818181815,-0.9333333333333333,-0.3212121212121212,-0.4,-0.38181818181818183,-0.6,-0.41818181818181815,-0.7090909090909091,-0.44242424242424244,-0.8
1,0.0,0.0,0.1419753086419753,-0.25308641975308643,0.18518518518518517,-0.5,0.12345679012345678,-0.6975308641975309,0.006172839506172839,-0.7901234567901234,0.043209876543209874,-0.6049382716049383,-0.10493827160493827,-0.8333333333333334,-0.19753086419753085,-0.9320987654320988,-0.25925925925925924,-0.9938271604938271,-0.10493827160493827,-0.5555555555555556,-0.25308641975308643,-0.7901234567901234,-0.3333333333333333,-0.9135802469135802,-0.3950617283950617,-1.0,-0.24074074074074073,-0.49382716049382713,-0.35802469135802467,-0.7160493827160493,-0.41975308641975306,-0.845679012345679,-0.46296296296296297,-0.9382716049382716,-0.35185185185185186,-0.41358024691358025,-0.42592592592592593,-0.6172839506172839,-0.46296296296296297,-0.7222222222222222,-0.48148148148148145,-0.808641975308642
1,0.0,0.0,0.1402439024390244,-0.23170731707317074,0.18292682926829268,-0.4634146341463415,0.12804878048780488,-0.6585365853658537,0.04878048780487805,-0.7621951219512195,0.012195121951219513,-0.5853658536585366,-0.1402439024390244,-0.823170731707317,-0.23170731707317074,-0.926829268292683,-0.29878048780487804,-1.0,-0.13414634146341464,-0.5304878048780488,-0.2804878048780488,-0.7865853658536586,-0.3719512195121951,-0.9146341463414634,-0.4329268292682927,-1.0,-0.25609756097560976,-0.4573170731707317,-0.3780487804878049,-0.6951219512195121,-0.45121951219512196,-0.8353658536585366,-0.5,-0.926829268292683,-0.3597560975609756,-0.3780487804878049,-0.43902439024390244,-0.5853658536585366,-0.4817073170731707,-0.6951219512195121,-0.5060975609756098,-0.7804878048780488
1,0.0,0.0,0.13043478260869565,-0.2546583850931677,0.15527950310559005,-0.4782608695652174,0.062111801242236024,-0.6459627329192547,-0.031055900621118012,-0.7329192546583851,0.037267080745341616,-0.577639751552795,-0.13664596273291926,-0.8198757763975155,-0.2422360248447205,-0.9254658385093167,-0.3105590062111801,-1.0,-0.11180124223602485,-0.5341614906832298,-0.2795031055900621,-0.7950310559006211,-0.37267080745341613,-0.9192546583850931,-0.4409937888198758,-1.0,-0.2484472049689441,-0.4720496894409938,-0.39751552795031053,-0.7204968944099379,-0.4782608695652174,-0.84472049689441,-0.5341614906832298,-0.937888198757764,-0.36645962732919257,-0.39751552795031053,-0.4658385093167702,-0.5962732919254659,-0.5217391304347826,-0.6956521739130435,-0.5590062111801242,-0.7763975155279503
3,0.0,0.0,0.08421052631578947,-0.3894736842105263,0.021052631578947368,-0.7473684210526316,-0.11578947368421053,-0.968421052631579,-0.28421052631578947,-1.0,-0.25263157894736843,-0.8736842105263158,-0.5052631578947369,-0.968421052631579,-0.4842105263157895,-0.8631578947368421,-0.3894736842105263,-0.7684210526315789,-0.45263157894736844,-0.7473684210526316,-0.6526315789473685,-0.8105263157894737,-0.6105263157894737,-0.7263157894736842,-0.5157894736842106,-0.631578947368421,-0.6210526315789474,-0.5684210526315789,-0.7789473684210526,-0.6421052631578947,-0.7263157894736842,-0.5684210526315789,-0.631578947368421,-0.49473684210526314,-0.7473684210526316,-0.3894736842105263,-0.8526315789473684,-0.4842105263157895,-0.8,-0.4105263157894737,-0.7263157894736842,-0.3368421052631579
3,0.0,0.0,0.12,-0.37,0.07,-0.74,-0.09,-0.97,-0.27,-1.0,-0.23,-0.84,-0.45,-0.94,-0.39,-0.82,-0.29,-0.74,-0.44,-0.69,-0.59,-0.78,-0.53,-0.69,-0.44,-0.6,-0.6,-0.52,-0.71,-0.61,-0.65,-0.54,-0.57,-0.46,-0.72,-0.35,-0.8,-0.46,-0.74,-0.4,-0.67,-0.32
3,0.0,0.0,-0.45714285714285713,-0.04285714285714286,-0.8285714285714286,-0.12857142857142856,-0.9571428571428572,-0.04285714285714286,-1.0,0.07142857142857142,-0.6857142857142857,-0.7857142857142857,-0.7571428571428571,-0.05714285714285714,-0.6571428571428571,0.04285714285714286,-0.5571428571428572,-0.08571428571428572,-0.2571428571428571,-0.8142857142857143,-0.32857142857142857,-0.014285714285714285,-0.2714285714285714,0.04285714285714286,-0.21428571428571427,-0.12857142857142856,0.11428571428571428,-0.7285714285714285,0.05714285714285714,0.02857142857142857,0.07142857142857142,0.08571428571428572,0.12857142857142856,-0.1,0.45714285714285713,-0.5857142857142857,0.38571428571428573,0.014285714285714285,0.35714285714285715,0.12857142857142856,0.38571428571428573,0.014285714285714285
3,0.0,0.0,-0.33663366336633666,-0.0891089108910891,-0.6138613861386139,-0.3069306930693069,-0.7029702970297029,-0.5247524752475248,-0.693069306930693,-0.7227722772277227,-0.44554455445544555,-0.8910891089108911,-0.5544554455445545,-1.0,-0.594059405940594,-0.7029702970297029,-0.5841584158415841,-0.48514851485148514,-0.2079207920792079,-0.9207920792079208,-0.3069306930693069,-0.9603960396039604,-0.33663366336633666,-0.5841584158415841,-0.32673267326732675,-0.33663366336633666,0.0297029702970297,-0.8514851485148515,-0.06930693069306931,-0.8316831683168316,-0.1188118811881188,-0.4752475247524752,-0.12871287128712872,-0.24752475247524752,0.25742574257425743,-0.7425742574257426,0.1782178217821782,-0.6831683168316832,0.0891089108910891,-0.4158415841584158,0.04950495049504951,-0.26732673267326734
4,0.0,0.0,-0.272,-0.2,-0.44,-0.496,-0.584,-0.688,-0.736,-0.824,-0.12,-0.872,-0.392,-0.952,-0.608,-0.952,-0.776,-0.944,0.016,-0.872,-0.312,-1.0,-0.544,-0.936,-0.672,-0.896,0.144,-0.8,-0.2,-0.896,-0.328,-0.688,-0.336,-0.536,0.224,-0.672,-0.08,-0.72,-0.208,-0.568,-0.216,-0.44
4,0.0,0.0,-0.25203252032520324,-0.23577235772357724,-0.4146341463414634,-0.5121951219512195,-0.5772357723577236,-0.6991869918699187,-0.7479674796747967,-0.8130081300813008,-0.10569105691056911,-0.8861788617886179,-0.36585365853658536,-0.959349593495935,-0.5609756097560976,-0.926829268292683,-0.6991869918699187,-0.8943089430894309,0.04065040650406504,-0.8861788617886179,-0.2601626016260163,-1.0,-0.4065040650406504,-0.8943089430894309,-0.4634146341463415,-0.8292682926829268,0.17073170731707318,-0.8048780487804879,-0.16260162601626016,-0.8943089430894309,-0.2682926829268293,-0.6910569105691057,-0.2845528455284553,-0.5365853658536586,0.2601626016260163,-0.6666666666666666,-0.04065040650406504,-0.7235772357723578,-0.17886178861788618,-0.5853658536585366,-0.23577235772357724,-0.44715447154471544
4,0.0,0.0,-0.23026315789473684,-0.23026315789473684,-0.3684210526315789,-0.4605263157894737,-0.506578947368421,-0.6052631578947368,-0.6578947368421053,-0.6842105263157895,-0.16447368421052633,-0.7302631578947368,-0.3618421052631579,-0.8618421052631579,-0.5131578947368421,-0.9342105263157895,-0.6513157894736842,-1.0,-0.02631578947368421,-0.743421052631579,-0.2631578947368421,-0.9013157894736842,-0.45394736842105265,-0.9473684210526315,-0.6052631578947368,-1.0,0.10526315789473684,-0.6842105263157895,-0.17105263157894737,-0.7631578947368421,-0.2631578947368421,-0.5855263157894737,-0.29605263157894735,-0.45394736842105265,0.19078947368421054,-0.5723684210526315,-0.06578947368421052,-0.631578947368421,-0.17105263157894737,-0.506578947368421,-0.20394736842105263,-0.39473684210526316
4,0.0,0.0,-0.25384615384615383,-0.2230769230769231,-0.3923076923076923,-0.4846153846153846,-0.5076923076923077,-0.6538461538461539,-0.6538461538461539,-0.7692307692307693,-0.1,-0.8461538461538461,-0.3384615384615385,-0.9615384615384616,-0.5461538461538461,-0.9307692307692308,-0.7,-0.9,0.038461538461538464,-0.8384615384615385,-0.2692307692307692,-1.0,-0.49230769230769234,-0.9230769230769231,-0.6153846153846154,-0.8692307692307693,0.16153846153846155,-0.7692307692307693,-0.17692307692307693,-0.8692307692307693,-0.3,-0.6615384615384615,-0.3153846153846154,-0.5,0.23846153846153847,-0.6538461538461539,-0.07692307692307693,-0.7153846153846154,-0.2,-0.5615384615384615,-0.2230769230769231,-0.4230769230769231
5,0.0,0.0,0.10059171597633136,-0.21301775147928995,0.08284023668639054,-0.4260355029585799,-0.01775147928994083,-0.5621301775147929,-0.13609467455621302,-0.6272189349112426,0.047337278106508875,-0.5384615384615384,-0.1242603550295858,-0.7514792899408284,-0.24260355029585798,-0.8698224852071006,-0.3254437869822485,-0.9526627218934911,-0.07100591715976332,-0.5207100591715976,-0.22485207100591717,-0.7810650887573964,-0.3254437869822485,-0.9053254437869822,-0.40236686390532544,-1.0,-0.1893491124260355,-0.46745562130177515,-0.3254437869822485,-0.7100591715976331,-0.42011834319526625,-0.8402366863905325,-0.48520710059171596,-0.9349112426035503,-0.3076923076923077,-0.38461538461538464,-0.39644970414201186,-0.5857988165680473,-0.46153846153846156,-0.6923076923076923,-0.514792899408284,-0.7751479289940828
5,0.0,0.0,0.09782608695652174,-0.18478260869565216,0.09782608695652174,-0.3858695652173913,0.03804347826086957,-0.532608695652174,-0.021739130434782608,-0.6195652173913043,0.03260869565217391,-0.5,-0.11413043478260869,-0.7391304347826086,-0.20108695652173914,-0.875,-0.2717391304347826,-0.9836956521739131,-0.06521739130434782,-0.46195652173913043,-0.20652173913043478,-0.7445652173913043,-0.30434782608695654,-0.8913043478260869,-0.3695652173913043,-1.0,-0.1793478260869565,-0.40217391304347827,-0.30978260869565216,-0.6630434782608695,-0.3967391304347826,-0.8097826086956522,-0.45652173913043476,-0.9184782608695652,-0.29347826086956524,-0.32065217391304346,-0.3804347826086957,-0.532608695652174,-0.44021739130434784,-0.6521739130434783,-0.483695652173913,-0.7445652173913043
5,0.0,0.0,0.07344632768361582,-0.21468926553672316,0.03389830508474576,-0.4406779661016949,-0.07909604519774012,-0.5875706214689266,-0.2033898305084746,-0.6610169491525424,0.011299435028248588,-0.519774011299435,-0.1638418079096045,-0.7344632768361582,-0.2768361581920904,-0.864406779661017,-0.3728813559322034,-0.96045197740113,-0.0903954802259887,-0.480225988700565,-0.2711864406779661,-0.7457627118644068,-0.384180790960452,-0.8926553672316384,-0.480225988700565,-1.0,-0.20903954802259886,-0.4180790960451977,-0.3728813559322034,-0.672316384180791,-0.4745762711864407,-0.8135593220338984,-0.5423728813559322,-0.9209039548022598,-0.327683615819209,-0.3333333333333333,-0.4406779661016949,-0.5536723163841808,-0.5084745762711864,-0.672316384180791,-0.5649717514124294,-0.7570621468926554
6,0.0,0.0,-0.32978723404255317,-0.07446808510638298,-0.6702127659574468,-0.23404255319148937,-0.7978723404255319,-0.39361702127659576,-0.6808510638297872,-0.46808510638297873,-0.4148936170212766,-0.8191489361702128,-0.40425531914893614,-0.925531914893617,-0.43617021276595747,-0.7446808510638298,-0.46808510638297873,-0.5851063829787234,-0.11702127659574468,-0.8404255319148937,-0.0851063829787234,-1.0,-0.13829787234042554,-0.648936170212766,-0.1595744680851064,-0.44680851063829785,0.1595744680851064,-0.7872340425531915,0.2127659574468085,-0.9042553191489362,0.11702127659574468,-0.574468085106383,0.06382978723404255,-0.425531914893617,0.40425531914893614,-0.648936170212766,0.425531914893617,-0.7021276595744681,0.30851063829787234,-0.46808510638297873,0.24468085106382978,-0.3723404255319149
6,0.0,0.0,-0.358695652173913,-0.043478260869565216,-0.7391304347826086,-0.1956521739130435,-0.8695652173913043,-0.32608695652173914,-0.6630434782608695,-0.358695652173913,-0.532608695652174,-0.9456521739130435,-0.6521739130434783,-0.7608695652173914,-0.6086956521739131,-0.5108695652173914,-0.5543478260869565,-0.4891304347826087,-0.2391304347826087,-1.0,-0.358695652173913,-0.7717391304347826,-0.33695652173913043,-0.5,-0.2717391304347826,-0.5108695652173914,0.03260869565217391,-0.9347826086956522,-0.043478260869565216,-0.7608695652173914,-0.07608695652173914,-0.5,-0.03260869565217391,-0.5,0.30434782608695654,-0.7934782608695652,0.2608695652173913,-0.6956521739130435,0.1956521739130435,-0.4891304347826087,0.20652173913043478,-0.4673913043478261
6,0.0,0.0,-0.36904761904761907,-0.03571428571428571,-0.7738095238095238,-0.17857142857142858,-1.0,-0.2857142857142857,-0.9404761904761905,-0.30952380952380953,-0.5714285714285714,-0.8928571428571429,-0.7261904761904762,-0.8333333333333334,-0.7023809523809523,-0.4880952380952381,-0.6428571428571429,-0.35714285714285715,-0.23809523809523808,-0.9523809523809523,-0.36904761904761907,-0.7976190476190477,-0.36904761904761907,-0.44047619047619047,-0.2976190476190476,-0.36904761904761907,0.07142857142857142,-0.8809523809523809,-0.023809523809523808,-0.6547619047619048,-0.05952380952380952,-0.34523809523809523,-0.03571428571428571,-0.32142857142857145,0.3333333333333333,-0.7380952380952381,0.2619047619047619,-0.4642857142857143,0.19047619047619047,-0.2619047619047619,0.21428571428571427,-0.2857142857142857
6,0.0,0.0,-0.29457364341085274,-0.031007751937984496,-0.5426356589147286,-0.17829457364341086,-0.6821705426356589,-0.3333333333333333,-0.627906976744186,-0.4418604651162791,-0.4186046511627907,-0.6356589147286822,-0.4728682170542636,-0.8914728682170543,-0.4883720930232558,-0.8062015503875969,-0.46511627906976744,-0.6666666666666666,-0.24031007751937986,-0.6821705426356589,-0.27906976744186046,-1.0,-0.29457364341085274,-0.8527131782945736,-0.2713178294573643,-0.6976744186046512,-0.05426356589147287,-0.6821705426356589,-0.08527131782945736,-0.9767441860465116,-0.10852713178294573,-0.8604651162790697,-0.10077519379844961,-0.7209302325581395,0.13953488372093023,-0.6201550387596899,0.13178294573643412,-0.8682170542635659,0.08527131782945736,-0.8294573643410853,0.06976744186046512,-0.7364341085271318
7,0.0,0.0,0.020134228187919462,-0.24161073825503357,-0.087248322147651,-0.44966442953020136,-0.2214765100671141,-0.5838926174496645,-0.30201342281879195,-0.7114093959731543,-0.38926174496644295,-0.436241610738255,-0.610738255033557,-0.5771812080536913,-0.7516778523489933,-0.6510067114093959,-0.8657718120805369,-0.7046979865771812,-0.4697986577181208,-0.31543624161073824,-0.7114093959731543,-0.47651006711409394,-0.87248322147651,-0.5771812080536913,-0.9932885906040269,-0.6442953020134228,-0.5033557046979866,-0.174496644295302,-0.738255033557047,-0.3221476510067114,-0.8859060402684564,-0.4161073825503356,-1.0,-0.4899328859060403,-0.5100671140939598,-0.020134228187919462,-0.697986577181208,-0.12080536912751678,-0.8187919463087249,-0.18120805369127516,-0.9194630872483222,-0.24161073825503357
7,0.0,0.0,0.034482758620689655,-0.23448275862068965,-0.06896551724137931,-0.43448275862068964,-0.2,-0.5724137931034483,-0.27586206896551724,-0.696551724137931,-0.3724137931034483,-0.41379310344827586,-0.6068965517241379,-0.5586206896551724,-0.7517241379310344,-0.6413793103448275,-0.8689655172413793,-0.6896551724137931,-0.45517241379310347,-0.296551724137931,-0.7103448275862069,-0.46206896551724136,-0.8689655172413793,-0.5586206896551724,-0.993103448275862,-0.6275862068965518,-0.496551724137931,-0.15172413793103448,-0.7379310344827587,-0.3103448275862069,-0.8896551724137931,-0.4,-1.0,-0.47586206896551725,-0.503448275862069,0.0,-0.696551724137931,-0.09655172413793103,-0.8137931034482758,-0.15862068965517243,-0.9172413793103448,-0.2206896551724138
7,0.0,0.0,0.02702702702702703,-0.24324324324324326,-0.07432432432432433,-0.4594594594594595,-0.20945945945945946,-0.6013513513513513,-0.27702702702702703,-0.722972972972973,-0.3581081081081081,-0.43243243243243246,-0.6013513513513513,-0.581081081081081,-0.7432432432432432,-0.668918918918919,-0.8648648648648649,-0.722972972972973,-0.4391891891891892,-0.3108108108108108,-0.6959459459459459,-0.4797297297297297,-0.8581081081081081,-0.5878378378378378,-0.9864864864864865,-0.6621621621621622,-0.4797297297297297,-0.17567567567567569,-0.722972972972973,-0.3310810810810811,-0.8783783783783784,-0.43243243243243246,-1.0,-0.5067567567567568,-0.5,-0.02027027027027027,-0.6891891891891891,-0.12837837837837837,-0.8108108108108109,-0.19594594594594594,-0.918918918918919,-0.25675675675675674
8,0.0,0.0,0.18181818181818182,0.2,0.34545454545454546,0.36363636363636365,0.42727272727272725,0.5181818181818182,0.43636363636363634,0.6636363636363637,0.5909090909090909,0.2909090909090909,0.7272727272727273,0.5181818181818182,0.8090909090909091,0.6636363636363637,0.8818181818181818,0.7727272727272727,0.5545454545454546,0.2,0.7636363636363637,0.35454545454545455,0.8909090909090909,0.4727272727272727,1.0,0.5454545454545454,0.45454545454545453,0.11818181818181818,0.4818181818181818,0.39090909090909093,0.39090909090909093,0.5363636363636364,0.32727272727272727,0.5818181818181818,0.3,0.06363636363636363,0.3,0.3181818181818182,0.24545454545454545,0.42727272727272725,0.21818181818181817,0.4636363636363636
8,0.0,0.0,0.17592592592592593,0.23148148148148148,0.3425925925925926,0.4166666666666667,0.42592592592592593,0.5648148148148148,0.4444444444444444,0.7037037037037037,0.5925925925925926,0.32407407407407407,0.7407407407407407,0.5648148148148148,0.8240740740740741,0.7222222222222222,0.8981481481481481,0.8518518518518519,0.5555555555555556,0.23148148148148148,0.7592592592592593,0.4074074074074074,0.8888888888888888,0.5277777777777778,1.0,0.6018518518518519,0.4537037037037037,0.1574074074074074,0.49074074074074076,0.4722222222222222,0.3888888888888889,0.5740740740740741,0.3148148148148148,0.5833333333333334,0.2962962962962963,0.12962962962962962,0.2962962962962963,0.42592592592592593,0.2222222222222222,0.5185185185185185,0.17592592592592593,0.5277777777777778
7,0.0,0.0,0.18095238095238095,0.22857142857142856,0.34285714285714286,0.4380952380952381,0.41904761904761906,0.6,0.4380952380952381,0.7428571428571429,0.5904761904761905,0.3333333333333333,0.7428571428571429,0.5904761904761905,0.8285714285714286,0.7523809523809524,0.9142857142857143,0.8857142857142857,0.5523809523809524,0.24761904761904763,0.7523809523809524,0.42857142857142855,0.8857142857142857,0.5523809523809524,1.0,0.6190476190476191,0.44761904761904764,0.18095238095238095,0.49523809523809526,0.5047619047619047,0.3904761904761905,0.6190476190476191,0.3333333333333333,0.638095238095238,0.2857142857142857,0.1523809523809524,0.2857142857142857,0.44761904761904764,0.20952380952380953,0.5428571428571428,0.1619047619047619,0.5619047619047619
8,0.0,0.0,0.17647058823529413,0.22549019607843138,0.3431372549019608,0.4215686274509804,0.4215686274509804,0.5784313725490197,0.43137254901960786,0.7450980392156863,0.5980392156862745,0.3431372549019608,0.7450980392156863,0.6078431372549019,0.8333333333333334,0.7745098039215687,0.9117647058823529,0.9117647058823529,0.5588235294117647,0.24509803921568626,0.7647058823529411,0.4215686274509804,0.8921568627450981,0.5490196078431373,1.0,0.6274509803921569,0.45098039215686275,0.16666666666666666,0.4803921568627451,0.49019607843137253,0.3627450980392157,0.5980392156862745,0.28431372549019607,0.6078431372549019,0.28431372549019607,0.12745098039215685,0.28431372549019607,0.4411764705882353,0.19607843137254902,0.5392156862745098,0.14705882352941177,0.5490196078431373
9,0.0,0.0,-0.18181818181818182,-0.2922077922077922,-0.23376623376623376,-0.5584415584415584,-0.22077922077922077,-0.7532467532467533,-0.19480519480519481,-0.9025974025974026,0.012987012987012988,-0.7922077922077922,-0.045454545454545456,-1.0,-0.16883116883116883,-0.961038961038961,-0.2532467532467532,-0.8896103896103896,0.09740259740259741,-0.7272727272727273,-0.24675324675324675,-0.7337662337662337,-0.2857142857142857,-0.5844155844155844,-0.2077922077922078,-0.5194805194805194,0.12987012987012986,-0.5974025974025974,-0.2532467532467532,-0.538961038961039,-0.24675324675324675,-0.4155844155844156,-0.15584415584415584,-0.38961038961038963,0.11038961038961038,-0.44805194805194803,-0.19480519480519481,-0.4025974025974026,-0.18831168831168832,-0.3181818181818182,-0.1038961038961039,-0.2792207792207792
9,0.0,0.0,-0.17647058823529413,-0.28104575163398693,-0.22875816993464052,-0.5555555555555556,-0.2222222222222222,-0.7450980392156863,-0.1895424836601307,-0.9019607843137255,0.013071895424836602,-0.7908496732026143,-0.0392156862745098,-1.0,-0.16339869281045752,-0.9738562091503268,-0.2549019607843137,-0.9084967320261438,0.0915032679738562,-0.7320261437908496,-0.2549019607843137,-0.7320261437908496,-0.3006535947712418,-0.5816993464052288,-0.22875816993464052,-0.5032679738562091,0.11764705882352941,-0.5947712418300654,-0.24836601307189543,-0.5424836601307189,-0.2549019607843137,-0.41830065359477125,-0.16993464052287582,-0.38562091503267976,0.10457516339869281,-0.4444444444444444,-0.19607843137254902,-0.39215686274509803,-0.19607843137254902,-0.3006535947712418,-0.1111111111111111,-0.26143790849673204
10,0.0,0.0,0.27485380116959063,-0.029239766081871343,0.543859649122807,0.017543859649122806,0.7485380116959064,0.029239766081871343,0.9415204678362573,0.029239766081871343,0.5146198830409356,0.1286549707602339,0.7192982456140351,0.19883040935672514,0.8771929824561403,0.22807017543859648,1.0,0.22807017543859648,0.40350877192982454,0.15204678362573099,0.5672514619883041,0.2982456140350877,0.7134502923976608,0.3333333333333333,0.8304093567251462,0.3333333333333333,0.23976608187134502,0.15204678362573099,0.3157894736842105,0.2982456140350877,0.39766081871345027,0.34502923976608185,0.47953216374269003,0.36257309941520466,0.05847953216374269,0.1286549707602339,0.005847953216374269,0.23976608187134502,0.011695906432748537,0.29239766081871343,0.029239766081871343,0.32748538011695905
10,0.0,0.0,0.3063583815028902,-0.08670520231213873,0.6069364161849711,-0.05202312138728324,0.8092485549132948,-0.06358381502890173,1.0,-0.11560693641618497,0.6069364161849711,0.1329479768786127,0.8092485549132948,0.2658959537572254,0.9190751445086706,0.2254335260115607,0.9884393063583815,0.15606936416184972,0.4682080924855491,0.16184971098265896,0.6358381502890174,0.3063583815028902,0.7456647398843931,0.24855491329479767,0.8323699421965318,0.17341040462427745,0.28901734104046245,0.15606936416184972,0.41040462427745666,0.26011560693641617,0.5144508670520231,0.2138728323699422,0.6127167630057804,0.14450867052023122,0.08092485549132948,0.09826589595375723,0.09826589595375723,0.18497109826589594,0.15028901734104047,0.16184971098265896,0.2138728323699422,0.12138728323699421
11,0.0,0.0,-0.12903225806451613,-0.08387096774193549,-0.21935483870967742,-0.15483870967741936,-0.23225806451612904,-0.1032258064516129,-0.1935483870967742,-0.03870967741935484,0.08387096774193549,-0.5032258064516129,0.2838709677419355,-0.7354838709677419,0.44516129032258067,-0.8774193548387097,0.5741935483870968,-1.0,0.2903225806451613,-0.4064516129032258,0.2,-0.2645161290322581,0.0,-0.07741935483870968,-0.11612903225806452,0.0064516129032258064,0.4064516129032258,-0.24516129032258063,0.2838709677419355,-0.06451612903225806,0.08387096774193549,0.07741935483870968,-0.03225806451612903,0.12903225806451613,0.4645161290322581,-0.07096774193548387,0.36129032258064514,0.09032258064516129,0.2,0.18064516129032257,0.0967741935483871,0.2
11,0.0,0.0,-0.13186813186813187,-0.04945054945054945,-0.26373626373626374,-0.0989010989010989,-0.2857142857142857,-0.04945054945054945,-0.23626373626373626,0.03296703296703297,-0.2087912087912088,-0.4725274725274725,-0.35714285714285715,-0.7087912087912088,-0.46153846153846156,-0.8736263736263736,-0.532967032967033,-1.0,-0.01098901098901099,-0.4725274725274725,-0.11538461538461539,-0.4175824175824176,-0.15384615384615385,-0.1978021978021978,-0.15934065934065933,-0.06593406593406594,0.15384615384615385,-0.36813186813186816,0.04945054945054945,-0.24175824175824176,-0.03296703296703297,-0.06593406593406594,-0.06593406593406594,0.016483516483516484,0.27472527472527475,-0.22527472527472528,0.18681318681318682,-0.09340659340659341,0.08791208791208792,0.027472527472527472,0.04395604395604396,0.07692307692307693
11,0.0,0.0,-0.11834319526627218,-0.10059171597633136,-0.20710059171597633,-0.17751479289940827,-0.23668639053254437,-0.13609467455621302,-0.21301775147928995,-0.03550295857988166,0.029585798816568046,-0.5088757396449705,0.20710059171597633,-0.7218934911242604,0.3431952662721893,-0.8816568047337278,0.44970414201183434,-1.0,0.23668639053254437,-0.4319526627218935,0.09467455621301775,-0.28994082840236685,-0.05917159763313609,-0.11834319526627218,-0.14792899408284024,-0.03550295857988166,0.3609467455621302,-0.26627218934911245,0.1834319526627219,-0.10059171597633136,0.03550295857988166,0.011834319526627219,-0.05917159763313609,0.05325443786982249,0.4260355029585799,-0.09467455621301775,0.28994082840236685,0.05325443786982249,0.14792899408284024,0.14201183431952663,0.05325443786982249,0.16568047337278108
12,0.0,0.0,0.20930232558139536,-0.10852713178294573,0.40310077519379844,-0.20930232558139536,0.5736434108527132,-0.24031007751937986,0.7054263565891473,-0.23255813953488372,0.3333333333333333,-0.4883720930232558,0.4186046511627907,-0.7131782945736435,0.4883720930232558,-0.8682170542635659,0.5271317829457365,-1.0,0.2868217054263566,-0.4573643410852713,0.5968992248062015,-0.4418604651162791,0.6666666666666666,-0.27906976744186046,0.6356589147286822,-0.17054263565891473,0.2558139534883721,-0.3488372093023256,0.5658914728682171,-0.26356589147286824,0.5736434108527132,-0.13953488372093023,0.5193798449612403,-0.09302325581395349,0.2558139534883721,-0.20930232558139536,0.4883720930232558,-0.12403100775193798,0.4883720930232558,-0.03875968992248062,0.4418604651162791,-0.007751937984496124
12,0.0,0.0,0.21641791044776118,-0.08955223880597014,0.3805970149253731,-0.19402985074626866,0.5149253731343284,-0.2537313432835821,0.6343283582089553,-0.26865671641791045,0.26865671641791045,-0.5074626865671642,0.3283582089552239,-0.7238805970149254,0.3880597014925373,-0.8731343283582089,0.41044776119402987,-1.0,0.21641791044776118,-0.47761194029850745,0.5074626865671642,-0.47761194029850745,0.582089552238806,-0.3208955223880597,0.5671641791044776,-0.21641791044776118,0.1865671641791045,-0.373134328358209,0.48507462686567165,-0.30597014925373134,0.5,-0.1791044776119403,0.44776119402985076,-0.12686567164179105,0.1865671641791045,-0.23134328358208955,0.417910447761194,-0.16417910447761194,0.43283582089552236,-0.08208955223880597,0.3880597014925373,-0.03731343283582089
12,0.0,0.0,0.23134328358208955,-0.08955223880597014,0.39552238805970147,-0.19402985074626866,0.5373134328358209,-0.2537313432835821,0.6567164179104478,-0.27611940298507465,0.2835820895522388,-0.5,0.34328358208955223,-0.7238805970149254,0.40298507462686567,-0.8731343283582089,0.43283582089552236,-1.0,0.23880597014925373,-0.4701492537313433,0.5223880597014925,-0.4626865671641791,0.5895522388059702,-0.30597014925373134,0.5671641791044776,-0.19402985074626866,0.208955223880597,-0.3656716417910448,0.5,-0.29850746268656714,0.5223880597014925,-0.17164179104477612,0.4701492537313433,-0.11940298507462686,0.208955223880597,-0.23134328358208955,0.43283582089552236,-0.16417910447761194,0.44776119402985076,-0.07462686567164178,0.41044776119402987,-0.03731343283582089
13,0.0,0.0,0.0821917808219178,-0.3150684931506849,0.0821917808219178,-0.6095890410958904,0.0547945205479452,-0.8356164383561644,0.06164383561643835,-1.0,-0.2328767123287671,-0.7465753424657534,-0.5068493150684932,-0.815068493150685,-0.4726027397260274,-0.6986301369863014,-0.3835616438356164,-0.6164383561643836,-0.3835616438356164,-0.6164383561643836,-0.6027397260273972,-0.6643835616438356,-0.5616438356164384,-0.5616438356164384,-0.4794520547945205,-0.4863013698630137,-0.5,-0.4589041095890411,-0.684931506849315,-0.541095890410959,-0.6643835616438356,-0.4452054794520548,-0.589041095890411,-0.3698630136986301,-0.5958904109589042,-0.2876712328767123,-0.7945205479452054,-0.4931506849315068,-0.8904109589041096,-0.589041095890411,-0.9383561643835616,-0.6575342465753424
13,0.0,0.0,0.0718954248366013,-0.29411764705882354,0.0457516339869281,-0.5947712418300654,-0.013071895424836602,-0.8300653594771242,-0.013071895424836602,-1.0,-0.28104575163398693,-0.7124183006535948,-0.5228758169934641,-0.6993464052287581,-0.47058823529411764,-0.6078431372549019,-0.3660130718954248,-0.5424836601307189,-0.42483660130718953,-0.5816993464052288,-0.6405228758169934,-0.5686274509803921,-0.5816993464052288,-0.49019607843137253,-0.49019607843137253,-0.43790849673202614,-0.5294117647058824,-0.4117647058823529,-0.738562091503268,-0.47058823529411764,-0.6993464052287581,-0.39215686274509803,-0.6078431372549019,-0.32679738562091504,-0.6078431372549019,-0.23529411764705882,-0.8235294117647058,-0.38562091503267976,-0.9215686274509803,-0.477124183006536,-0.9869281045751634,-0.5555555555555556
13,0.0,0.0,0.10884353741496598,-0.2857142857142857,0.08843537414965986,-0.5782312925170068,0.034013605442176874,-0.8231292517006803,0.047619047619047616,-1.0,-0.30612244897959184,-0.7346938775510204,-0.5034013605442177,-0.6802721088435374,-0.4489795918367347,-0.5782312925170068,-0.36054421768707484,-0.5170068027210885,-0.46258503401360546,-0.6054421768707483,-0.6054421768707483,-0.5238095238095238,-0.5510204081632653,-0.43537414965986393,-0.46938775510204084,-0.38095238095238093,-0.5714285714285714,-0.43537414965986393,-0.7142857142857143,-0.43537414965986393,-0.6666666666666666,-0.36054421768707484,-0.5782312925170068,-0.29931972789115646,-0.6462585034013606,-0.25170068027210885,-0.8299319727891157,-0.3741496598639456,-0.9251700680272109,-0.46258503401360546,-0.9795918367346939,-0.5374149659863946
14,0.0,0.0,0.15306122448979592,-0.1683673469387755,0.20918367346938777,-0.37244897959183676,0.22959183673469388,-0.5510204081632653,0.2857142857142857,-0.673469387755102,-0.061224489795918366,-0.5153061224489796,-0.12244897959183673,-0.75,-0.16326530612244897,-0.8928571428571429,-0.20408163265306123,-1.0,-0.1989795918367347,-0.46938775510204084,-0.3163265306122449,-0.7040816326530612,-0.39285714285714285,-0.8520408163265306,-0.4489795918367347,-0.9591836734693877,-0.29591836734693877,-0.3826530612244898,-0.4387755102040816,-0.5867346938775511,-0.5306122448979592,-0.7142857142857143,-0.6020408163265306,-0.8061224489795918,-0.35714285714285715,-0.28061224489795916,-0.47959183673469385,-0.41836734693877553,-0.5561224489795918,-0.5051020408163265,-0.6122448979591837,-0.5816326530612245
14,0.0,0.0,0.14213197969543148,-0.17258883248730963,0.19796954314720813,-0.37055837563451777,0.2182741116751269,-0.5532994923857868,0.27411167512690354,-0.6751269035532995,-0.06598984771573604,-0.5076142131979695,-0.12690355329949238,-0.751269035532995,-0.16751269035532995,-0.8934010152284264,-0.20812182741116753,-1.0,-0.20304568527918782,-0.4619289340101523,-0.3248730964467005,-0.7055837563451777,-0.39593908629441626,-0.8527918781725888,-0.4517766497461929,-0.9644670050761421,-0.29949238578680204,-0.38071065989847713,-0.4416243654822335,-0.583756345177665,-0.5329949238578681,-0.7106598984771574,-0.6040609137055838,-0.8020304568527918,-0.3604060913705584,-0.27918781725888325,-0.48223350253807107,-0.41624365482233505,-0.5532994923857868,-0.5025380710659898,-0.6091370558375635,-0.583756345177665
14,0.0,0.0,0.14795918367346939,-0.1683673469387755,0.1989795918367347,-0.3622448979591837,0.21428571428571427,-0.5408163265306123,0.27040816326530615,-0.6581632653061225,-0.0663265306122449,-0.5102040816326531,-0.12244897959183673,-0.7448979591836735,-0.16326530612244897,-0.8877551020408163,-0.1989795918367347,-1.0,-0.20408163265306123,-0.4642857142857143,-0.32142857142857145,-0.7040816326530612,-0.3979591836734694,-0.8520408163265306,-0.45408163265306123,-0.9591836734693877,-0.3010204081632653,-0.3826530612244898,-0.44387755102040816,-0.5816326530612245,-0.5357142857142857,-0.7091836734693877,-0.6071428571428571,-0.8061224489795918,-0.3673469387755102,-0.28061224489795916,-0.4897959183673469,-0.41836734693877553,-0.5612244897959183,-0.5051020408163265,-0.6071428571428571,-0.5816326530612245
14,0.0,0.0,0.16666666666666666,-0.171875,0.21354166666666666,-0.3854166666666667,0.21875,-0.5729166666666666,0.2708333333333333,-0.7083333333333334,-0.052083333333333336,-0.4895833333333333,-0.125,-0.7395833333333334,-0.16666666666666666,-0.8854166666666666,-0.203125,-1.0,-0.203125,-0.4322916666666667,-0.34375,-0.671875,-0.4270833333333333,-0.8177083333333334,-0.4947916666666667,-0.9270833333333334,-0.3072916666666667,-0.3489583333333333,-0.4635416666666667,-0.5364583333333334,-0.5625,-0.6614583333333334,-0.640625,-0.7552083333333334,-0.3645833333333333,-0.2604166666666667,-0.4895833333333333,-0.390625,-0.5677083333333334,-0.4791666666666667,-0.6302083333333334,-0.546875
14,0.0,0.0,0.1507537688442211,-0.1658291457286432,0.19095477386934673,-0.38190954773869346,0.19597989949748743,-0.5628140703517588,0.24623115577889448,-0.6934673366834171,-0.07537688442211055,-0.5125628140703518,-0.135678391959799,-0.7487437185929648,-0.1708542713567839,-0.8844221105527639,-0.21105527638190955,-1.0,-0.21608040201005024,-0.45226130653266333,-0.35678391959798994,-0.6834170854271356,-0.4371859296482412,-0.8190954773869347,-0.5025125628140703,-0.9296482412060302,-0.3015075376884422,-0.36180904522613067,-0.4472361809045226,-0.5376884422110553,-0.542713567839196,-0.6532663316582915,-0.6231155778894473,-0.7437185929648241,-0.34673366834170855,-0.2562814070351759,-0.4623115577889447,-0.38190954773869346,-0.542713567839196,-0.46733668341708545,-0.6080402010050251,-0.5376884422110553
14,0.0,0.0,0.13432835820895522,-0.1791044776119403,0.17412935323383086,-0.3880597014925373,0.17412935323383086,-0.5671641791044776,0.22388059701492538,-0.6915422885572139,-0.0845771144278607,-0.4925373134328358,-0.14925373134328357,-0.7412935323383084,-0.18407960199004975,-0.8855721393034826,-0.22388059701492538,-1.0,-0.21393034825870647,-0.43781094527363185,-0.3681592039800995,-0.6766169154228856,-0.44776119402985076,-0.8208955223880597,-0.5174129353233831,-0.9303482587064676,-0.3034825870646766,-0.35323383084577115,-0.4626865671641791,-0.5422885572139303,-0.5572139303482587,-0.6616915422885572,-0.6368159203980099,-0.7512437810945274,-0.3482587064676617,-0.25870646766169153,-0.472636815920398,-0.39303482587064675,-0.5522388059701493,-0.47761194029850745,-0.6119402985074627,-0.5522388059701493
15,0.0,0.0,0.15384615384615385,-0.16025641025641027,0.16025641025641027,-0.41025641025641024,0.1282051282051282,-0.6217948717948718,0.17307692307692307,-0.7884615384615384,-0.1987179487179487,-0.4935897435897436,-0.3076923076923077,-0.7435897435897436,-0.391025641025641,-0.8910256410256411,-0.46153846153846156,-1.0,-0.3525641025641026,-0.391025641025641,-0.5512820512820513,-0.6346153846153846,-0.6730769230769231,-0.7884615384615384,-0.7756410256410257,-0.8910256410256411,-0.4423076923076923,-0.2692307692307692,-0.6474358974358975,-0.44871794871794873,-0.7884615384615384,-0.5576923076923077,-0.9038461538461539,-0.6474358974358975,-0.4807692307692308,-0.14102564102564102,-0.6474358974358975,-0.24358974358974358,-0.7564102564102564,-0.3141025641025641,-0.8461538461538461,-0.3782051282051282
15,0.0,0.0,0.14465408805031446,-0.16981132075471697,0.1509433962264151,-0.4088050314465409,0.11949685534591195,-0.6163522012578616,0.15723270440251572,-0.779874213836478,-0.1949685534591195,-0.4968553459119497,-0.3018867924528302,-0.7484276729559748,-0.3836477987421384,-0.8930817610062893,-0.4528301886792453,-1.0,-0.3333333333333333,-0.4025157232704403,-0.5283018867924528,-0.6352201257861635,-0.6540880503144654,-0.7861635220125787,-0.7547169811320755,-0.8867924528301887,-0.42138364779874216,-0.27672955974842767,-0.6289308176100629,-0.4528301886792453,-0.7672955974842768,-0.5723270440251572,-0.8867924528301887,-0.6540880503144654,-0.4591194968553459,-0.14465408805031446,-0.6289308176100629,-0.25157232704402516,-0.7421383647798742,-0.3270440251572327,-0.8301886792452831,-0.39622641509433965
15,0.0,0.0,0.12962962962962962,-0.16666666666666666,0.13580246913580246,-0.4074074074074074,0.1111111111111111,-0.6111111111111112,0.14814814814814814,-0.7654320987654321,-0.19135802469135801,-0.5123456790123457,-0.30246913580246915,-0.7530864197530864,-0.37037037037037035,-0.8950617283950617,-0.4382716049382716,-1.0,-0.3333333333333333,-0.41975308641975306,-0.5246913580246914,-0.654320987654321,-0.6481481481481481,-0.7901234567901234,-0.7530864197530864,-0.8827160493827161,-0.41975308641975306,-0.30246913580246915,-0.6234567901234568,-0.46296296296296297,-0.7592592592592593,-0.5679012345679012,-0.8641975308641975,-0.6419753086419753,-0.46296296296296297,-0.16666666666666666,-0.6234567901234568,-0.25925925925925924,-0.7283950617283951,-0.3271604938271605,-0.8148148148148148,-0.3888888888888889
15,0.0,0.0,0.12883435582822086,-0.1656441717791411,0.12269938650306748,-0.4049079754601227,0.09815950920245399,-0.6134969325153374,0.1411042944785276,-0.7668711656441718,-0.19631901840490798,-0.50920245398773,-0.3067484662576687,-0.754601226993865,-0.38650306748466257,-0.8957055214723927,-0.4539877300613497,-1.0,-0.3312883435582822,-0.4171779141104294,-0.5214723926380368,-0.6503067484662577,-0.6441717791411042,-0.7852760736196319,-0.7484662576687117,-0.8773006134969326,-0.4171779141104294,-0.294478527607362,-0.6257668711656442,-0.4601226993865031,-0.754601226993865,-0.5644171779141104,-0.8650306748466258,-0.6441717791411042,-0.4601226993865031,-0.15950920245398773,-0.6196319018404908,-0.26380368098159507,-0.7239263803680982,-0.3374233128834356,-0.7975460122699386,-0.3987730061349693
15,0.0,0.0,0.1419753086419753,-0.16666666666666666,0.1419753086419753,-0.4074074074074074,0.11728395061728394,-0.6172839506172839,0.16049382716049382,-0.7654320987654321,-0.18518518518518517,-0.5061728395061729,-0.29012345679012347,-0.7530864197530864,-0.35802469135802467,-0.8950617283950617,-0.41975308641975306,-1.0,-0.3271604938271605,-0.41975308641975306,-0.5123456790123457,-0.654320987654321,-0.6358024691358025,-0.7901234567901234,-0.7345679012345679,-0.8888888888888888,-0.41975308641975306,-0.30246913580246915,-0.6172839506172839,-0.47530864197530864,-0.7530864197530864,-0.5802469135802469,-0.8580246913580247,-0.6604938271604939,-0.4691358024691358,-0.1728395061728395,-0.6234567901234568,-0.2716049382716049,-0.7283950617283951,-0.345679012345679,-0.8024691358024691,-0.4074074074074074
15,0.0,0.0,0.1419753086419753,-0.16049382716049382,0.14814814814814814,-0.4012345679012346,0.12345679012345678,-0.6111111111111112,0.16049382716049382,-0.7654320987654321,-0.17901234567901234,-0.5123456790123457,-0.2839506172839506,-0.7530864197530864,-0.35802469135802467,-0.8950617283950617,-0.41975308641975306,-1.0,-0.32098765432098764,-0.41358024691358025,-0.5123456790123457,-0.654320987654321,-0.6296296296296297,-0.7901234567901234,-0.7222222222222222,-0.8888888888888888,-0.41975308641975306,-0.29012345679012347,-0.6172839506172839,-0.46296296296296297,-0.7469135802469136,-0.5679012345679012,-0.845679012345679,-0.654320987654321,-0.4691358024691358,-0.16049382716049382,-0.6234567901234568,-0.2716049382716049,-0.7283950617283951,-0.3395061728395062,-0.8024691358024691,-0.4074074074074074
16,0.0,0.0,0.15492957746478872,-0.29577464788732394,0.1267605633802817,-0.5633802816901409,0.0,-0.676056338028169,-0.14084507042253522,-0.7183098591549296,0.11267605633802817,-0.7183098591549296,-0.014084507042253521,-0.9577464788732394,-0.06338028169014084,-0.8943661971830986,-0.04225352112676056,-0.8028169014084507,-0.07042253521126761,-0.7112676056338029,-0.176056338028169,-1.0,-0.19014084507042253,-0.9014084507042254,-0.15492957746478872,-0.7887323943661971,-0.24647887323943662,-0.6549295774647887,-0.33098591549295775,-0.9084507042253521,-0.31690140845070425,-0.8098591549295775,-0.2676056338028169,-0.7112676056338029,-0.4014084507042254,-0.5492957746478874,-0.4295774647887324,-0.7323943661971831,-0.39436619718309857,-0.6690140845070423,-0.34507042253521125,-0.5915492957746479
16,0.0,0.0,0.14084507042253522,-0.2887323943661972,0.1267605633802817,-0.5563380281690141,0.0,-0.6830985915492958,-0.14788732394366197,-0.7464788732394366,0.11971830985915492,-0.7112676056338029,-0.014084507042253521,-0.9507042253521126,-0.06338028169014084,-0.8873239436619719,-0.04225352112676056,-0.8028169014084507,-0.07042253521126761,-0.6971830985915493,-0.16901408450704225,-1.0,-0.18309859154929578,-0.9084507042253521,-0.14788732394366197,-0.795774647887324,-0.24647887323943662,-0.6338028169014085,-0.3380281690140845,-0.9084507042253521,-0.30985915492957744,-0.8098591549295775,-0.2605633802816901,-0.6971830985915493,-0.39436619718309857,-0.5211267605633803,-0.4295774647887324,-0.7183098591549296,-0.3873239436619718,-0.6549295774647887,-0.34507042253521125,-0.5774647887323944
16,0.0,0.0,0.15942028985507245,-0.30434782608695654,0.13768115942028986,-0.6014492753623188,-0.007246376811594203,-0.717391304347826,-0.16666666666666666,-0.7463768115942029,0.12318840579710146,-0.7246376811594203,-0.028985507246376812,-0.9347826086956522,-0.07971014492753623,-0.8623188405797102,-0.050724637681159424,-0.7681159420289855,-0.07246376811594203,-0.7028985507246377,-0.17391304347826086,-1.0,-0.18115942028985507,-0.9057971014492754,-0.15217391304347827,-0.7753623188405797,-0.2536231884057971,-0.6304347826086957,-0.34057971014492755,-0.9130434782608695,-0.3115942028985507,-0.8188405797101449,-0.26811594202898553,-0.7101449275362319,-0.4057971014492754,-0.5144927536231884,-0.42028985507246375,-0.717391304347826,-0.38405797101449274,-0.6594202898550725,-0.35507246376811596,-0.5797101449275363
16,0.0,0.0,0.15441176470588236,-0.29411764705882354,0.13970588235294118,-0.5735294117647058,0.0,-0.6764705882352942,-0.16176470588235295,-0.7205882352941176,0.13970588235294118,-0.7279411764705882,-0.014705882352941176,-0.9264705882352942,-0.0661764705882353,-0.8529411764705882,-0.03676470588235294,-0.7647058823529411,-0.058823529411764705,-0.7205882352941176,-0.16911764705882354,-1.0,-0.18382352941176472,-0.9044117647058824,-0.14705882352941177,-0.7867647058823529,-0.25,-0.6470588235294118,-0.3382352941176471,-0.9191176470588235,-0.3235294117647059,-0.8088235294117647,-0.27205882352941174,-0.6985294117647058,-0.4117647058823529,-0.5367647058823529,-0.4338235294117647,-0.7279411764705882,-0.40441176470588236,-0.6544117647058824,-0.3602941176470588,-0.5735294117647058
17,0.0,0.0,-0.09230769230769231,-0.3,-0.25384615384615383,-0.5615384615384615,-0.4461538461538462,-0.7230769230769231,-0.6307692307692307,-0.7923076923076923,-0.24615384615384617,-0.7692307692307693,-0.6461538461538462,-0.9,-0.8538461538461538,-0.8153846153846154,-0.9538461538461539,-0.7153846153846154,-0.23076923076923078,-0.6461538461538462,-0.6692307692307692,-0.7769230769230769,-0.8846153846153846,-0.7076923076923077,-1.0,-0.6230769230769231,-0.25384615384615383,-0.46923076923076923,-0.6615384615384615,-0.6076923076923076,-0.8615384615384616,-0.5615384615384615,-0.9615384615384616,-0.5076923076923077,-0.3076923076923077,-0.27692307692307694,-0.6076923076923076,-0.4076923076923077,-0.7769230769230769,-0.4153846153846154,-0.8692307692307693,-0.4
17,0.0,0.0,-0.08661417322834646,-0.33858267716535434,-0.23622047244094488,-0.6062992125984252,-0.41732283464566927,-0.7716535433070866,-0.5984251968503937,-0.84251968503937,-0.2283464566929134,-0.8188976377952756,-0.5905511811023622,-1.0,-0.7952755905511811,-0.9448818897637795,-0.8976377952755905,-0.8582677165354331,-0.2204724409448819,-0.7007874015748031,-0.6377952755905512,-0.8818897637795275,-0.8267716535433071,-0.8110236220472441,-0.905511811023622,-0.7165354330708661,-0.25196850393700787,-0.5354330708661418,-0.6377952755905512,-0.6929133858267716,-0.8188976377952756,-0.6377952755905512,-0.8818897637795275,-0.5511811023622047,-0.30708661417322836,-0.3543307086614173,-0.5984251968503937,-0.47244094488188976,-0.7637795275590551,-0.48031496062992124,-0.8661417322834646,-0.44881889763779526
17,0.0,0.0,-0.36507936507936506,-0.19047619047619047,-0.5238095238095238,-0.3888888888888889,-0.6507936507936508,-0.5079365079365079,-0.7301587301587301,-0.6190476190476191,-0.18253968253968253,-0.8333333333333334,-0.4603174603174603,-0.9920634920634921,-0.6587301587301587,-0.9206349206349206,-0.7698412698412699,-0.8015873015873016,-0.1349206349206349,-0.8095238095238095,-0.48412698412698413,-1.0,-0.6904761904761905,-0.8809523809523809,-0.7619047619047619,-0.7380952380952381,-0.12698412698412698,-0.7142857142857143,-0.47619047619047616,-0.8968253968253969,-0.6666666666666666,-0.7777777777777778,-0.7380952380952381,-0.626984126984127,-0.18253968253968253,-0.5793650793650794,-0.4523809523809524,-0.7301587301587301,-0.6031746031746031,-0.6746031746031746,-0.6825396825396826,-0.5555555555555556
17,0.0,0.0,-0.08695652173913043,-0.3652173913043478,-0.26956521739130435,-0.6695652173913044,-0.48695652173913045,-0.8434782608695652,-0.6782608695652174,-0.9304347826086956,-0.26956521739130435,-0.8608695652173913,-0.6782608695652174,-1.0,-0.8782608695652174,-0.8956521739130435,-0.9565217391304348,-0.7913043478260869,-0.28695652173913044,-0.7043478260869566,-0.7391304347826086,-0.8608695652173913,-0.9304347826086956,-0.7478260869565218,-0.9739130434782609,-0.6347826086956522,-0.3217391304347826,-0.5043478260869565,-0.7478260869565218,-0.6521739130434783,-0.9304347826086956,-0.5826086956521739,-0.9826086956521739,-0.4956521739130435,-0.3739130434782609,-0.2782608695652174,-0.7043478260869566,-0.40869565217391307,-0.8695652173913043,-0.4260869565217391,-0.9565217391304348,-0.40869565217391307
18,0.0,0.0,-0.030303030303030304,-0.29545454545454547,-0.2196969696969697,-0.5833333333333334,-0.3787878787878788,-0.7954545454545454,-0.4015151515151515,-1.0,-0.3712121212121212,-0.5757575757575758,-0.7045454545454546,-0.553030303030303,-0.6287878787878788,-0.4772727272727273,-0.5151515151515151,-0.45454545454545453,-0.4090909090909091,-0.4090909090909091,-0.7272727272727273,-0.3787878787878788,-0.6363636363636364,-0.32575757575757575,-0.5151515151515151,-0.3106060606060606,-0.4393939393939394,-0.23484848484848486,-0.7045454545454546,-0.21212121212121213,-0.6136363636363636,-0.17424242424242425,-0.5151515151515151,-0.16666666666666666,-0.44696969696969696,-0.07575757575757576,-0.6666666666666666,-0.06060606060606061,-0.5833333333333334,-0.015151515151515152,-0.49242424242424243,0.0
18,0.0,0.0,-0.03007518796992481,-0.2932330827067669,-0.22556390977443608,-0.5864661654135338,-0.38345864661654133,-0.8045112781954887,-0.41353383458646614,-1.0,-0.3609022556390977,-0.5864661654135338,-0.706766917293233,-0.556390977443609,-0.631578947368421,-0.46616541353383456,-0.5112781954887218,-0.45112781954887216,-0.39849624060150374,-0.42857142857142855,-0.7293233082706767,-0.37593984962406013,-0.6240601503759399,-0.3082706766917293,-0.5037593984962406,-0.3082706766917293,-0.42857142857142855,-0.24812030075187969,-0.706766917293233,-0.21052631578947367,-0.6090225563909775,-0.15789473684210525,-0.5037593984962406,-0.16541353383458646,-0.44360902255639095,-0.09022556390977443,-0.6691729323308271,-0.06015037593984962,-0.5864661654135338,-0.007518796992481203,-0.49624060150375937,0.0
